TraceFinder Compound Database Mass List Export,,,,,,,,,,,,,,,,,,
,,,,,,,,,,,,,,,,,,
Schema Version,Peak Header Line Number,Peak Last Row Line Number,Compound Header Line Number,,,,,,,,,,,,,,,
1,6,358,360,,,,,,,,,,,,,,,
,,,,,,,,,,,,,,,,,,
Compound Name,Workflow,Associated Target Peak,MS Order,Precursor m/z,Product m/z,m/z,Height Threshold,Area Threshold,Collision Energy,Lens,Energy Ramp,Window Type,PeakPolarity,Adduct,Charge State,Retention Time,Retention Time Window,Integration Strategy
2-Fluorodeschloroketamine,TargetPeak,,ms1,0,0,222.12887,0,0,0,0,0,eAbsolute,Positive,M+H,1,3.84,30,Individual
2-Fluorodeschloroketamine,Fragment,1,ms2,222.12887,204.1183,222.12887,0,0,0,0,0,eAbsolute,Positive,M+H,1,3.84,30,Individual
2-Fluorodeschloroketamine,Fragment,1,ms2,222.12887,191.0867,222.12887,0,0,0,0,0,eAbsolute,Positive,M+H,1,3.84,30,Individual
2-Fluorodeschloroketamine,Fragment,1,ms2,222.12887,163.0918,222.12887,0,0,0,0,0,eAbsolute,Positive,M+H,1,3.84,30,Individual
2-Fluorodeschloroketamine,Fragment,1,ms2,222.12887,109.0448,222.12887,0,0,0,0,0,eAbsolute,Positive,M+H,1,3.84,30,Individual
2-Methyl AP-237,TargetPeak,,ms1,0,0,287.21179,0,0,0,0,0,eAbsolute,Positive,M+H,1,,30,Individual
2-Methyl AP-237,Fragment,1,ms2,287.21179,118.0716,287.21179,0,0,0,0,0,eAbsolute,Positive,M+H,1,,30,Individual
2-Methyl AP-237,Fragment,1,ms2,287.21179,117.0682,287.21179,0,0,0,0,0,eAbsolute,Positive,M+H,1,,30,Individual
2-Methyl AP-237,Fragment,1,ms2,287.21179,115.0531,287.21179,0,0,0,0,0,eAbsolute,Positive,M+H,1,,30,Individual
2-Methyl AP-237,Fragment,1,ms2,287.21179,91.0533,287.21179,0,0,0,0,0,eAbsolute,Positive,M+H,1,,30,Individual
"3,4-Difluoro-U-47700",TargetPeak,,ms1,0,0,297.1773,0,0,0,0,0,eAbsolute,Positive,M+H,1,,30,Individual
"3,4-Difluoro-U-47700",Fragment,1,ms2,297.1773,252.1166,297.1773,0,0,0,0,0,eAbsolute,Positive,M+H,1,,30,Individual
"3,4-Difluoro-U-47700",Fragment,1,ms2,297.1773,172.0548,297.1773,0,0,0,0,0,eAbsolute,Positive,M+H,1,,30,Individual
"3,4-Difluoro-U-47700",Fragment,1,ms2,297.1773,141.0127,297.1773,0,0,0,0,0,eAbsolute,Positive,M+H,1,,30,Individual
"3,4-Difluoro-U-47700",Fragment,1,ms2,297.1773,81.0689,297.1773,0,0,0,0,0,eAbsolute,Positive,M+H,1,,30,Individual
3-Hydroxyphenazepam,TargetPeak,,ms1,0,0,364.96869,0,0,0,0,0,eAbsolute,Positive,M+H,1,,30,Individual
3-Hydroxyphenazepam,Fragment,1,ms2,364.96869,346.9581,364.96869,0,0,0,0,0,eAbsolute,Positive,M+H,1,,30,Individual
3-Hydroxyphenazepam,Fragment,1,ms2,364.96869,318.9632,364.96869,0,0,0,0,0,eAbsolute,Positive,M+H,1,,30,Individual
3-Hydroxyphenazepam,Fragment,1,ms2,364.96869,273.0022,364.96869,0,0,0,0,0,eAbsolute,Positive,M+H,1,,30,Individual
3-Hydroxyphenazepam,Fragment,1,ms2,364.96869,151.0992,364.96869,0,0,0,0,0,eAbsolute,Positive,M+H,1,,30,Individual
4-Trifluoromethyl-U-47700,TargetPeak,,ms1,0,0,329.18352,0,0,0,0,0,eAbsolute,Positive,M+H,1,,30,Individual
4-Trifluoromethyl-U-47700,Fragment,1,ms2,329.18352,284.1265,329.18352,0,0,0,0,0,eAbsolute,Positive,M+H,1,,30,Individual
4-Trifluoromethyl-U-47700,Fragment,1,ms2,329.18352,255.1098,329.18352,0,0,0,0,0,eAbsolute,Positive,M+H,1,,30,Individual
4-Trifluoromethyl-U-47700,Fragment,1,ms2,329.18352,204.0657,329.18352,0,0,0,0,0,eAbsolute,Positive,M+H,1,,30,Individual
4-Trifluoromethyl-U-47700,Fragment,1,ms2,329.18352,173.0207,329.18352,0,0,0,0,0,eAbsolute,Positive,M+H,1,,30,Individual
4-Trifluoromethyl-U-47700,Fragment,1,ms2,329.18352,81.0653,329.18352,0,0,0,0,0,eAbsolute,Positive,M+H,1,,30,Individual
4F-ABINACA,TargetPeak,,ms1,0,0,370.22892,0,0,0,0,0,eAbsolute,Positive,M+H,1,,30,Individual
4F-ABINACA,Fragment,1,ms2,370.22892,135.1136,369.22109,0,0,0,0,0,eAbsolute,Positive,M+H,1,,30,Individual
4F-ABINACA,Fragment,1,ms2,370.22892,107.083,369.22109,0,0,0,0,0,eAbsolute,Positive,M+H,1,,30,Individual
4F-Ethylphenidate,TargetPeak,,ms1,0,0,266.15508,0,0,0,0,0,eAbsolute,Positive,M+H,1,,30,Individual
4F-Ethylphenidate,Fragment,1,ms2,266.15508,192.114,266.15508,0,0,0,0,0,eAbsolute,Positive,M+H,1,,30,Individual
4F-Ethylphenidate,Fragment,1,ms2,266.15508,84.0786,266.15508,0,0,0,0,0,eAbsolute,Positive,M+H,1,,30,Individual
4F-MDMB-BICA,TargetPeak,,ms1,0,0,363.20785,0,0,0,0,0,eAbsolute,Positive,M+H,1,,30,Individual
4F-MDMB-BICA,Fragment,1,ms2,363.20785,218.0916,363.20785,0,0,0,0,0,eAbsolute,Positive,M+H,1,,30,Individual
4F-MDMB-BICA,Fragment,1,ms2,363.20785,219.0918,363.20785,0,0,0,0,0,eAbsolute,Positive,M+H,1,,30,Individual
4F-MDMB-BICA,Fragment,1,ms2,363.20785,144.0392,363.20785,0,0,0,0,0,eAbsolute,Positive,M+H,1,,30,Individual
5-Methoxy MiPT,TargetPeak,,ms1,0,0,247.18049,0,0,0,0,0,eAbsolute,Positive,M+H,1,,30,Individual
5-Methoxy MiPT,Fragment,1,ms2,247.18049,174.09134,247.18049,0,0,0,0,0,eAbsolute,Positive,M+H,1,,30,Individual
5-Methoxy MiPT,Fragment,1,ms2,247.18049,86.09643,247.18049,0,0,0,0,0,eAbsolute,Positive,M+H,1,,30,Individual
5F-CUMYL-PINACA,TargetPeak,,ms1,0,0,368.21327,0,0,0,0,0,eAbsolute,Positive,M+H,1,,30,Individual
5F-CUMYL-PINACA,Fragment,1,ms2,368.21327,233.1058,368.21327,0,0,0,0,0,eAbsolute,Positive,M+H,1,,30,Individual
5F-CUMYL-PINACA,Fragment,1,ms2,368.21327,163.0724,368.21327,0,0,0,0,0,eAbsolute,Positive,M+H,1,,30,Individual
5F-CUMYL-PINACA,Fragment,1,ms2,368.21327,119.0827,368.21327,0,0,0,0,0,eAbsolute,Positive,M+H,1,,30,Individual
5F-CUMYL-PINACA,Fragment,1,ms2,368.21327,250.1326,368.21327,0,0,0,0,0,eAbsolute,Positive,M+H,1,,30,Individual
5F-EDMB-PICA,TargetPeak,,ms1,0,0,391.23915,0,0,0,0,0,eAbsolute,Positive,M+H,1,,30,Individual
5F-EDMB-PICA,Fragment,1,ms2,391.23915,232.1096,391.23915,0,0,0,0,0,eAbsolute,Positive,M+H,1,,30,Individual
5F-EDMB-PICA,Fragment,1,ms2,391.23915,144.0419,391.23915,0,0,0,0,0,eAbsolute,Positive,M+H,1,,30,Individual
5F-EMB-PICA,TargetPeak,,ms1,0,0,377.2235,0,0,0,0,0,eAbsolute,Positive,M+H,1,,30,Individual
5F-EMB-PICA,Fragment,1,ms2,377.2235,232.1094,377.2235,0,0,0,0,0,eAbsolute,Positive,M+H,1,,30,Individual
5F-EMB-PICA,Fragment,1,ms2,377.2235,233.1117,377.2235,0,0,0,0,0,eAbsolute,Positive,M+H,1,,30,Individual
5F-EMB-PICA,Fragment,1,ms2,377.2235,144.0405,377.2235,0,0,0,0,0,eAbsolute,Positive,M+H,1,,30,Individual
5F-MDMB PICA,TargetPeak,,ms1,0,0,377.2235,0,0,0,0,0,eAbsolute,Positive,M+H,1,,30,Individual
5F-MDMB PICA,Fragment,1,ms2,377.2235,232.1145,377.2235,0,0,0,0,0,eAbsolute,Positive,M+H,1,,30,Individual
5F-MDMB PICA,Fragment,1,ms2,377.2235,232.7545,377.2235,0,0,0,0,0,eAbsolute,Positive,M+H,1,,30,Individual
5F-MDMB PICA,Fragment,1,ms2,377.2235,233.4819,377.2235,0,0,0,0,0,eAbsolute,Positive,M+H,1,,30,Individual
5F-MDMB PICA,Fragment,1,ms2,377.2235,144.0445,377.2235,0,0,0,0,0,eAbsolute,Positive,M+H,1,,30,Individual
8-Aminoclonazolam,TargetPeak,,ms1,0,0,324.10105,0,0,0,0,0,eAbsolute,Positive,M+H,1,,30,Individual
8-Aminoclonazolam,Fragment,1,ms2,324.10105,296.0823,325.10887,0,0,0,0,0,eAbsolute,Positive,M+H,1,,30,Individual
8-Aminoclonazolam,Fragment,1,ms2,324.10105,220.0869,325.10887,0,0,0,0,0,eAbsolute,Positive,M+H,1,,30,Individual
8-Aminoclonazolam,Fragment,1,ms2,324.10105,119.0604,325.10887,0,0,0,0,0,eAbsolute,Positive,M+H,1,,30,Individual
8-Aminoclonazolam,Fragment,1,ms2,324.10105,266.0461,323.09322,0,0,0,0,0,eAbsolute,Positive,M+H,1,,30,Individual
8-Aminoclonazolam,Fragment,1,ms2,324.10105,289.1322,323.09322,0,0,0,0,0,eAbsolute,Positive,M+H,1,,30,Individual
AB-FUBINACA,TargetPeak,,ms1,0,0,369.17213,0,0,0,0,0,eAbsolute,Positive,M+H,1,,30,Individual
AB-FUBINACA,Fragment,1,ms2,369.17213,324.1507,369.17213,0,0,0,0,0,eAbsolute,Positive,M+H,1,,30,Individual
AB-FUBINACA,Fragment,1,ms2,369.17213,271.0877,369.17213,0,0,0,0,0,eAbsolute,Positive,M+H,1,,30,Individual
AB-FUBINACA,Fragment,1,ms2,369.17213,253.0772,369.17213,0,0,0,0,0,eAbsolute,Positive,M+H,1,,30,Individual
AB-FUBINACA,Fragment,1,ms2,369.17213,109.0448,369.17213,0,0,0,0,0,eAbsolute,Positive,M+H,1,,30,Individual
ADB-4en-PINACA,TargetPeak,,ms1,0,0,343.21285,0,0,0,0,0,eAbsolute,Positive,M+H,1,,30,Individual
ADB-4en-PINACA,Fragment,1,ms2,343.21285,298.1916,343.21285,0,0,0,0,0,eAbsolute,Positive,M+H,1,,30,Individual
ADB-4en-PINACA,Fragment,1,ms2,343.21285,213.102,342.20503,0,0,0,0,0,eAbsolute,Positive,M+H,1,,30,Individual
ADB-BINACA,TargetPeak,,ms1,0,0,331.21285,0,0,0,0,0,eAbsolute,Positive,M+H,1,7.48,30,Individual
ADB-BINACA,Fragment,1,ms2,331.21285,314.1854,331.21285,0,0,0,0,0,eAbsolute,Positive,M+H,1,7.48,30,Individual
ADB-BINACA,Fragment,1,ms2,331.21285,286.1899,331.21285,0,0,0,0,0,eAbsolute,Positive,M+H,1,7.48,30,Individual
ADB-BINACA,Fragment,1,ms2,331.21285,201.1009,331.21285,0,0,0,0,0,eAbsolute,Positive,M+H,1,7.48,30,Individual
ADB-BINACA,Fragment,1,ms2,331.21285,145.0376,331.21285,0,0,0,0,0,eAbsolute,Positive,M+H,1,7.48,30,Individual
ADB-FUBIATA,TargetPeak,,ms1,0,0,396.20818,0,0,0,0,0,eAbsolute,Positive,M+H,1,,30,Individual
ADB-FUBIATA,Fragment,1,ms2,396.20818,379.182,396.20818,0,0,0,0,0,eAbsolute,Positive,M+H,1,,30,Individual
ADB-FUBIATA,Fragment,1,ms2,396.20818,351.1874,396.20818,0,0,0,0,0,eAbsolute,Positive,M+H,1,,30,Individual
ADB-FUBIATA,Fragment,1,ms2,396.20818,238.1033,396.20818,0,0,0,0,0,eAbsolute,Positive,M+H,1,,30,Individual
ADB-FUBIATA,Fragment,1,ms2,396.20818,109.0444,396.20818,0,0,0,0,0,eAbsolute,Positive,M+H,1,,30,Individual
ADB-FUBIATA,Fragment,1,ms2,396.20818,86.0966,396.20818,0,0,0,0,0,eAbsolute,Positive,M+H,1,,30,Individual
ADB-HEXINACA,TargetPeak,,ms1,0,0,359.24415,0,0,0,0,0,eAbsolute,Positive,M+H,1,,30,Individual
ADB-HEXINACA,Fragment,1,ms2,359.24415,314.222,359.24415,0,0,0,0,0,eAbsolute,Positive,M+H,1,,30,Individual
ADB-HEXINACA,Fragment,1,ms2,359.24415,229.133,359.24415,0,0,0,0,0,eAbsolute,Positive,M+H,1,,30,Individual
ADB-HEXINACA,Fragment,1,ms2,359.24415,342.2161,359.24415,0,0,0,0,0,eAbsolute,Positive,M+H,1,,30,Individual
ADB-PHENITACA,TargetPeak,,ms1,0,0,379.21285,0,0,0,0,0,eAbsolute,Positive,M+H,1,,30,Individual
ADB-PHENITACA,Fragment,1,ms2,379.21285,362.1851,379.21285,0,0,0,0,0,eAbsolute,Positive,M+H,1,,30,Individual
ADB-PHENITACA,Fragment,1,ms2,379.21285,334.1915,379.21285,0,0,0,0,0,eAbsolute,Positive,M+H,1,,30,Individual
ADB-PHENITACA,Fragment,1,ms2,379.21285,249.1018,379.21285,0,0,0,0,0,eAbsolute,Positive,M+H,1,,30,Individual
ADB-PHENITACA,Fragment,1,ms2,379.21285,105.0692,379.21285,0,0,0,0,0,eAbsolute,Positive,M+H,1,,30,Individual
Adinazolam,TargetPeak,,ms1,0,0,352.13235,0,0,0,0,0,eAbsolute,Positive,M+H,1,,30,Individual
Adinazolam,Fragment,1,ms2,352.13235,58.0651,352.13235,0,0,0,0,0,eAbsolute,Positive,M+H,1,,30,Individual
Alpha-PCYP,TargetPeak,,ms1,0,0,272.20089,0,0,0,0,0,eAbsolute,Positive,M+H,1,,30,Individual
Alpha-PCYP,Fragment,1,ms2,272.20089,190.1162,272.20089,0,0,0,0,0,eAbsolute,Positive,M+H,1,,30,Individual
Alpha-PCYP,Fragment,1,ms2,272.20089,166.1537,272.20089,0,0,0,0,0,eAbsolute,Positive,M+H,1,,30,Individual
Alpha-PCYP,Fragment,1,ms2,272.20089,119.0443,272.20089,0,0,0,0,0,eAbsolute,Positive,M+H,1,,30,Individual
Alpha-PCYP,Fragment,1,ms2,272.20089,91.0502,272.20089,0,0,0,0,0,eAbsolute,Positive,M+H,1,,30,Individual
Alpha-PCYP,Fragment,1,ms2,272.20089,83.0819,272.20089,0,0,0,0,0,eAbsolute,Positive,M+H,1,,30,Individual
Alpha-PiHP,TargetPeak,,ms1,0,0,246.18524,0,0,0,0,0,eAbsolute,Positive,M+H,1,,30,Individual
Alpha-PiHP,Fragment,1,ms2,246.18524,189.1136,246.18524,0,0,0,0,0,eAbsolute,Positive,M+H,1,,30,Individual
Alpha-PiHP,Fragment,1,ms2,246.18524,140.1419,246.18524,0,0,0,0,0,eAbsolute,Positive,M+H,1,,30,Individual
Alpha-PiHP,Fragment,1,ms2,246.18524,119.0475,246.18524,0,0,0,0,0,eAbsolute,Positive,M+H,1,,30,Individual
Alpha-PiHP,Fragment,1,ms2,246.18524,105.0322,246.18524,0,0,0,0,0,eAbsolute,Positive,M+H,1,,30,Individual
Alpha-PiHP,Fragment,1,ms2,246.18524,91.0529,246.18524,0,0,0,0,0,eAbsolute,Positive,M+H,1,,30,Individual
Alpha-PiHP,Fragment,1,ms2,246.18524,70.064,246.18524,0,0,0,0,0,eAbsolute,Positive,M+H,1,,30,Individual
AP-237,TargetPeak,,ms1,0,0,273.19614,0,0,0,0,0,eAbsolute,Positive,M+H,1,,30,Individual
AP-237,Fragment,1,ms2,273.19614,117.0676,273.19614,0,0,0,0,0,eAbsolute,Positive,M+H,1,,30,Individual
AP-237,Fragment,1,ms2,273.19614,115.052,273.19614,0,0,0,0,0,eAbsolute,Positive,M+H,1,,30,Individual
AP-237,Fragment,1,ms2,273.19614,91.0521,273.19614,0,0,0,0,0,eAbsolute,Positive,M+H,1,,30,Individual
AP-238,TargetPeak,,ms1,0,0,287.21179,0,0,0,0,0,eAbsolute,Positive,M+H,1,,30,Individual
AP-238,Fragment,1,ms2,287.21179,169.1315,287.21179,0,0,0,0,0,eAbsolute,Positive,M+H,1,,30,Individual
AP-238,Fragment,1,ms2,287.21179,117.0683,287.21179,0,0,0,0,0,eAbsolute,Positive,M+H,1,,30,Individual
AP-238,Fragment,1,ms2,287.21179,91.0525,287.21179,0,0,0,0,0,eAbsolute,Positive,M+H,1,,30,Individual
Benocyclidine,TargetPeak,,ms1,0,0,300.17805,0,0,0,0,0,eAbsolute,Positive,M+H,1,,30,Individual
Benocyclidine,Fragment,1,ms2,300.17805,215.0889,300.17805,0,0,0,0,0,eAbsolute,Positive,M+H,1,,30,Individual
Benocyclidine,Fragment,1,ms2,300.17805,147.0263,300.17805,0,0,0,0,0,eAbsolute,Positive,M+H,1,,30,Individual
Benocyclidine,Fragment,1,ms2,300.17805,86.0964,300.17805,0,0,0,0,0,eAbsolute,Positive,M+H,1,,30,Individual
Bentazepam,TargetPeak,,ms1,0,0,297.10561,0,0,0,0,0,eAbsolute,Positive,M+H,1,,30,Individual
Bromazolam,TargetPeak,,ms1,0,0,353.03964,0,0,0,0,0,eAbsolute,Positive,M+H,1,6.3,30,Individual
Bromazolam,Fragment,1,ms2,353.03964,325.0169,353.03964,0,0,0,0,0,eAbsolute,Positive,M+H,1,6.3,30,Individual
Bromazolam,Fragment,1,ms2,353.03964,274.1178,353.03964,0,0,0,0,0,eAbsolute,Positive,M+H,1,6.3,30,Individual
Bromazolam,Fragment,1,ms2,353.03964,205.075,353.03964,0,0,0,0,0,eAbsolute,Positive,M+H,1,6.3,30,Individual
Bromazolam,Fragment,1,ms2,353.03964,171.0758,353.03964,0,0,0,0,0,eAbsolute,Positive,M+H,1,6.3,30,Individual
Bromazolam,Fragment,1,ms2,353.03964,143.0693,353.03964,0,0,0,0,0,eAbsolute,Positive,M+H,1,6.3,30,Individual
Bromofentanyl,TargetPeak,,ms1,0,0,415.13795,0,0,0,0,0,eAbsolute,Positive,M+H,1,5.84,30,Individual
Bromofentanyl,Fragment,1,ms2,415.13795,188.1418,415.13795,0,0,0,0,0,eAbsolute,Positive,M+H,1,5.84,30,Individual
Bromofentanyl,Fragment,1,ms2,415.13795,189.1466,415.13795,0,0,0,0,0,eAbsolute,Positive,M+H,1,5.84,30,Individual
Bromofentanyl,Fragment,1,ms2,415.13795,105.0695,414.13013,0,0,0,0,0,eAbsolute,Positive,M+H,1,5.84,30,Individual
Brorphine,TargetPeak,,ms1,0,0,400.1019,0,0,0,0,0,eAbsolute,Positive,M+H,1,,30,Individual
Brorphine,Fragment,1,ms2,400.1019,218.1252,400.1019,0,0,0,0,0,eAbsolute,Positive,M+H,1,,30,Individual
Brorphine,Fragment,1,ms2,400.1019,182.9766,400.1019,0,0,0,0,0,eAbsolute,Positive,M+H,1,,30,Individual
Brorphine,Fragment,1,ms2,400.1019,104.0587,400.1019,0,0,0,0,0,eAbsolute,Positive,M+H,1,,30,Individual
Brotizolam,TargetPeak,,ms1,0,0,392.95708,0,0,0,0,0,eAbsolute,Positive,M+H,1,,30,Individual
Butonitazene,TargetPeak,,ms1,0,0,425.25472,0,0,0,0,0,eAbsolute,Positive,M+H,1,,30,Individual
Butonitazene,Fragment,1,ms2,425.25472,100.1117,425.25472,0,0,0,0,0,eAbsolute,Positive,M+H,1,,30,Individual
BZO-HEXOXIZID,TargetPeak,,ms1,0,0,350.1863,0,0,0,0,0,eAbsolute,Positive,M+H,1,,30,Individual
BZO-HEXOXIZID,Fragment,1,ms2,350.1863,106.0334,350.1863,0,0,0,0,0,eAbsolute,Positive,M+H,1,,30,Individual
BZO-HEXOXIZID,Fragment,1,ms2,350.1863,105.0322,350.1863,0,0,0,0,0,eAbsolute,Positive,M+H,1,,30,Individual
BZO-HEXOXIZID,Fragment,1,ms2,350.1863,78.0409,350.1863,0,0,0,0,0,eAbsolute,Positive,M+H,1,,30,Individual
BZO-HEXOXIZID,Fragment,1,ms2,350.1863,77.0376,350.1863,0,0,0,0,0,eAbsolute,Positive,M+H,1,,30,Individual
Chlorofentanyl,TargetPeak,,ms1,0,0,371.18847,0,0,0,0,0,eAbsolute,Positive,M+H,1,,30,Individual
Chlorofentanyl,Fragment,1,ms2,371.18847,188.1406,370.18064,0,0,0,0,0,eAbsolute,Positive,M+H,1,,30,Individual
Chlorofentanyl,Fragment,1,ms2,371.18847,189.1439,370.18064,0,0,0,0,0,eAbsolute,Positive,M+H,1,,30,Individual
Ciclotizolam,TargetPeak,,ms1,0,0,461.01968,0,0,0,0,0,eAbsolute,Positive,M+H,1,,30,Individual
Cl-PCP,TargetPeak,,ms1,0,0,278.167,0,0,0,0,0,eAbsolute,Positive,M+H,1,,30,Individual
Cl-PCP,Fragment,1,ms2,278.167,193.0775,277.15918,0,0,0,0,0,eAbsolute,Positive,M+H,1,,30,Individual
Cl-PCP,Fragment,1,ms2,278.167,125.0154,277.15918,0,0,0,0,0,eAbsolute,Positive,M+H,1,,30,Individual
Cl-PCP,Fragment,1,ms2,278.167,86.096,277.15918,0,0,0,0,0,eAbsolute,Positive,M+H,1,,30,Individual
Clonazolam,TargetPeak,,ms1,0,0,354.07523,0,0,0,0,0,eAbsolute,Positive,M+H,1,,30,Individual
Clonazolam,Fragment,1,ms2,354.07523,340.0722,354.07523,0,0,0,0,0,eAbsolute,Positive,M+H,1,,30,Individual
Clonazolam,Fragment,1,ms2,354.07523,326.0565,353.0674,0,0,0,0,0,eAbsolute,Positive,M+H,1,,30,Individual
Clonazolam,Fragment,1,ms2,354.07523,319.10638,353.0674,0,0,0,0,0,eAbsolute,Positive,M+H,1,,30,Individual
Clonazolam,Fragment,1,ms2,354.07523,308.08233,353.0674,0,0,0,0,0,eAbsolute,Positive,M+H,1,,30,Individual
Clotiazepam,TargetPeak,,ms1,0,0,319.06664,0,0,0,0,0,eAbsolute,Positive,M+H,1,,30,Individual
Delorazepam,TargetPeak,,ms1,0,0,305.02429,0,0,0,0,0,eAbsolute,Positive,M+H,1,,30,Individual
Desalkylgidazepam,TargetPeak,,ms1,0,0,315.01275,0,0,0,0,0,eAbsolute,Positive,M+H,1,,30,Individual
Desalkylgidazepam,Fragment,1,ms2,315.01275,287.01839,315.01275,0,0,0,0,0,eAbsolute,Positive,M+H,1,,30,Individual
Desalkylgidazepam,Fragment,1,ms2,315.01275,208.10005,315.01275,0,0,0,0,0,eAbsolute,Positive,M+H,1,,30,Individual
Desalkylgidazepam,Fragment,1,ms2,315.01275,183.9756,315.01275,0,0,0,0,0,eAbsolute,Positive,M+H,1,,30,Individual
Desalkylgidazepam,Fragment,1,ms2,315.01275,158.0475,315.01275,0,0,0,0,0,eAbsolute,Positive,M+H,1,,30,Individual
Desalkylgidazepam,Fragment,1,ms2,315.01275,91.0547,315.01275,0,0,0,0,0,eAbsolute,Positive,M+H,1,,30,Individual
Deschloroetizolam,TargetPeak,,ms1,0,0,309.11684,0,0,0,0,0,eAbsolute,Positive,M+H,1,6.16,30,Individual
Deschloroetizolam,Fragment,1,ms2,309.11684,280.075,309.11684,0,0,0,0,0,eAbsolute,Positive,M+H,1,6.16,30,Individual
Deschloroetizolam,Fragment,1,ms2,309.11684,255.0917,308.10902,0,0,0,0,0,eAbsolute,Positive,M+H,1,6.16,30,Individual
Diclazepam,TargetPeak,,ms1,0,0,319.03994,0,0,0,0,0,eAbsolute,Positive,M+H,1,,30,Individual
Dipyanone,TargetPeak,,ms1,0,0,336.23219,0,0,0,0,0,eAbsolute,Positive,M+H,1,,30,Individual
Dipyanone,Fragment,1,ms2,336.23219,265.1531,336.23219,0,0,0,0,0,eAbsolute,Positive,M+H,1,,30,Individual
Dipyanone,Fragment,1,ms2,336.23219,105.0295,336.23219,0,0,0,0,0,eAbsolute,Positive,M+H,1,,30,Individual
Dipyanone,Fragment,1,ms2,336.23219,223.1066,336.23219,0,0,0,0,0,eAbsolute,Positive,M+H,1,,30,Individual
Dipyanone,Fragment,1,ms2,336.23219,219.1117,336.23219,0,0,0,0,0,eAbsolute,Positive,M+H,1,,30,Individual
Dipyanone,Fragment,1,ms2,336.23219,247.1429,336.23219,0,0,0,0,0,eAbsolute,Positive,M+H,1,,30,Individual
Dipyanone,Fragment,1,ms2,336.23219,195.1121,336.23219,0,0,0,0,0,eAbsolute,Positive,M+H,1,,30,Individual
Dipyanone,Fragment,1,ms2,336.23219,91.0503,336.23219,0,0,0,0,0,eAbsolute,Positive,M+H,1,,30,Individual
EDMB-PINACA,TargetPeak,,ms1,0,0,374.24382,0,0,0,0,0,eAbsolute,Positive,M+H,1,,30,Individual
EDMB-PINACA,Fragment,1,ms2,374.24382,300.2059,374.24382,0,0,0,0,0,eAbsolute,Positive,M+H,1,,30,Individual
EDMB-PINACA,Fragment,1,ms2,374.24382,215.1166,374.24382,0,0,0,0,0,eAbsolute,Positive,M+H,1,,30,Individual
EDMB-PINACA,Fragment,1,ms2,374.24382,145.0379,374.24382,0,0,0,0,0,eAbsolute,Positive,M+H,1,,30,Individual
Estazolam,TargetPeak,,ms1,0,0,295.0745,0,0,0,0,0,eAbsolute,Positive,M+H,1,,30,Individual
Etaqualone,TargetPeak,,ms1,0,0,265.13354,0,0,0,0,0,eAbsolute,Positive,M+H,1,,30,Individual
Etaqualone,Fragment,1,ms2,265.13354,146.0964,265.13354,0,0,0,0,0,eAbsolute,Positive,M+H,1,,30,Individual
Etaqualone,Fragment,1,ms2,265.13354,131.0729,264.12571,0,0,0,0,0,eAbsolute,Positive,M+H,1,,30,Individual
Etodesnitazene,TargetPeak,,ms1,0,0,352.23834,0,0,0,0,0,eAbsolute,Positive,M+H,1,,30,Individual
Etodesnitazene,Fragment,1,ms2,352.23834,100.1129,352.23834,0,0,0,0,0,eAbsolute,Positive,M+H,1,,30,Individual
Etodesnitazene,Fragment,1,ms2,352.23834,72.0808,352.23834,0,0,0,0,0,eAbsolute,Positive,M+H,1,,30,Individual
Etonitazene,TargetPeak,,ms1,0,0,397.22342,0,0,0,0,0,eAbsolute,Positive,M+H,1,,30,Individual
Etonitazene,Fragment,1,ms2,396.21559,100.112,396.21559,0,0,0,0,0,eAbsolute,Positive,M+,1,,30,Individual
Eutylone,TargetPeak,,ms1,0,0,236.12812,0,0,0,0,0,eAbsolute,Positive,M+H,1,,30,Individual
Eutylone,Fragment,1,ms2,236.12812,218.1173,236.12812,0,0,0,0,0,eAbsolute,Positive,M+H,1,,30,Individual
Eutylone,Fragment,1,ms2,236.12812,220.1324,236.12812,0,0,0,0,0,eAbsolute,Positive,M+H,1,,30,Individual
Eutylone,Fragment,1,ms2,236.12812,188.1064,236.12812,0,0,0,0,0,eAbsolute,Positive,M+H,1,,30,Individual
Eutylone,Fragment,1,ms2,236.12812,189.0804,236.12812,0,0,0,0,0,eAbsolute,Positive,M+H,1,,30,Individual
Eutylone,Fragment,1,ms2,236.12812,161.0595,236.12812,0,0,0,0,0,eAbsolute,Positive,M+H,1,,30,Individual
Eutylone,Fragment,1,ms2,236.12812,160.1096,236.12812,0,0,0,0,0,eAbsolute,Positive,M+H,1,,30,Individual
Eutylone,Fragment,1,ms2,236.12812,105.0697,236.12812,0,0,0,0,0,eAbsolute,Positive,M+H,1,,30,Individual
Eutylone,Fragment,1,ms2,236.12812,86.0961,236.12812,0,0,0,0,0,eAbsolute,Positive,M+H,1,,30,Individual
Eutylone,Fragment,1,ms2,236.12812,77.0384,236.12812,0,0,0,0,0,eAbsolute,Positive,M+H,1,,30,Individual
F-PCP,TargetPeak,,ms1,0,0,262.19655,0,0,0,0,0,eAbsolute,Positive,M+H,1,,30,Individual
F-PCP,Fragment,1,ms2,262.19655,177.1062,262.19655,0,0,0,0,0,eAbsolute,Positive,M+H,1,,30,Individual
F-PCP,Fragment,1,ms2,262.19655,109.0443,261.18873,0,0,0,0,0,eAbsolute,Positive,M+H,1,,30,Individual
F-PCP,Fragment,1,ms2,262.19655,86.0956,261.18873,0,0,0,0,0,eAbsolute,Positive,M+H,1,,30,Individual
Flubromazepam,TargetPeak,,ms1,0,0,333.00333,0,0,0,0,0,eAbsolute,Positive,M+H,1,6.33,30,Individual
Flubromazepam,Fragment,1,ms2,333.00333,305.00842,333.00333,0,0,0,0,0,eAbsolute,Positive,M+H,1,6.33,30,Individual
Flubromazepam,Fragment,1,ms2,333.00333,226.09008,333.00333,0,0,0,0,0,eAbsolute,Positive,M+H,1,6.33,30,Individual
Flubromazepam,Fragment,1,ms2,333.00333,183.97564,333.00333,0,0,0,0,0,eAbsolute,Positive,M+H,1,6.33,30,Individual
Flubromazolam,TargetPeak,,ms1,0,0,371.03021,0,0,0,0,0,eAbsolute,Positive,M+H,1,6.2,30,Individual
Flubromazolam,Fragment,1,ms2,371.03021,343.0115,371.03021,0,0,0,0,0,eAbsolute,Positive,M+H,1,6.2,30,Individual
Flubromazolam,Fragment,1,ms2,371.03021,292.11188,371.03021,0,0,0,0,0,eAbsolute,Positive,M+H,1,6.2,30,Individual
Flubromazolam,Fragment,1,ms2,371.03021,237.09483,371.03021,0,0,0,0,0,eAbsolute,Positive,M+H,1,6.2,30,Individual
Flubromazolam,Fragment,1,ms2,371.03021,171.0791,371.03021,0,0,0,0,0,eAbsolute,Positive,M+H,1,6.2,30,Individual
Fluclotizolam,TargetPeak,,ms1,0,0,333.03715,0,0,0,0,0,eAbsolute,Positive,M+H,1,,30,Individual
Fluclotizolam,Fragment,1,ms2,333.03715,298.0683,332.02932,0,0,0,0,0,eAbsolute,Positive,M+H,1,,30,Individual
Fluclotizolam,Fragment,1,ms2,333.03715,279.1053,333.03715,0,0,0,0,0,eAbsolute,Positive,M+H,1,,30,Individual
Fluclotizolam,Fragment,1,ms2,333.03715,121.0509,332.02932,0,0,0,0,0,eAbsolute,Positive,M+H,1,,30,Individual
Flunitazene,TargetPeak,,ms1,0,0,371.18778,0,0,0,0,0,eAbsolute,Positive,M+H,1,,30,Individual
Flunitazene,Fragment,1,ms2,371.18778,100.111,371.18778,0,0,0,0,0,eAbsolute,Positive,M+H,1,,30,Individual
Fluorofentanyl,TargetPeak,,ms1,0,0,355.21802,0,0,0,0,0,eAbsolute,Positive,M+H,1,5.42,30,Individual
Fluorofentanyl,Fragment,1,ms2,355.21802,299.1901,354.21019,0,0,0,0,0,eAbsolute,Positive,M+H,1,5.42,30,Individual
Fluorofentanyl,Fragment,1,ms2,355.21802,234.1265,355.21802,0,0,0,0,0,eAbsolute,Positive,M+H,1,5.42,30,Individual
Fluorofentanyl,Fragment,1,ms2,355.21802,188.1408,354.21019,0,0,0,0,0,eAbsolute,Positive,M+H,1,5.42,30,Individual
Fluorofentanyl,Fragment,1,ms2,355.21802,105.0674,354.21019,0,0,0,0,0,eAbsolute,Positive,M+H,1,5.42,30,Individual
FUB-144,TargetPeak,,ms1,0,0,350.19147,0,0,0,0,0,eAbsolute,Positive,M+H,1,,30,Individual
FUB-144,Fragment,1,ms2,350.19147,332.1809,350.19147,0,0,0,0,0,eAbsolute,Positive,M+H,1,,30,Individual
FUB-144,Fragment,1,ms2,350.19147,252.0819,350.19147,0,0,0,0,0,eAbsolute,Positive,M+H,1,,30,Individual
FUB-144,Fragment,1,ms2,350.19147,125.0901,350.19147,0,0,0,0,0,eAbsolute,Positive,M+H,1,,30,Individual
FUB-144,Fragment,1,ms2,350.19147,109.0448,350.19147,0,0,0,0,0,eAbsolute,Positive,M+H,1,,30,Individual
FUB-144,Fragment,1,ms2,350.19147,97.1012,350.19147,0,0,0,0,0,eAbsolute,Positive,M+H,1,,30,Individual
FUB-144,Fragment,1,ms2,350.19147,83.04914,350.19147,0,0,0,0,0,eAbsolute,Positive,M+H,1,,30,Individual
Furanyl UF-17,TargetPeak,,ms1,0,0,313.19105,0,0,0,0,0,eAbsolute,Positive,M+H,1,4.94,30,Individual
Furanyl UF-17,Fragment,1,ms2,313.19105,268.1306,313.19105,0,0,0,0,0,eAbsolute,Positive,M+H,1,4.94,30,Individual
Furanyl UF-17,Fragment,1,ms2,313.19105,188.0688,313.19105,0,0,0,0,0,eAbsolute,Positive,M+H,1,4.94,30,Individual
Furanyl UF-17,Fragment,1,ms2,313.19105,95.0118,313.19105,0,0,0,0,0,eAbsolute,Positive,M+H,1,4.94,30,Individual
Gidazepam,TargetPeak,,ms1,0,0,387.04511,0,0,0,0,0,eAbsolute,Positive,M+H,1,,30,Individual
Gidazepam,Fragment,1,ms2,387.04511,302.0145,386.03729,0,0,0,0,0,eAbsolute,Positive,M+H,1,,30,Individual
Gidazepam,Fragment,1,ms2,387.04511,301.0118,386.03729,0,0,0,0,0,eAbsolute,Positive,M+H,1,,30,Individual
Gidazepam,Fragment,1,ms2,387.04511,299.0138,386.03729,0,0,0,0,0,eAbsolute,Positive,M+H,1,,30,Individual
Loprazolam,TargetPeak,,ms1,0,0,465.14364,0,0,0,0,0,eAbsolute,Positive,M+H,1,,30,Individual
Lormetazepam,TargetPeak,,ms1,0,0,335.03486,0,0,0,0,0,eAbsolute,Positive,M+H,1,,30,Individual
MDMB-4en-BINACA,TargetPeak,,ms1,0,0,358.21252,0,0,0,0,0,eAbsolute,Positive,M+H,1,,30,Individual
MDMB-4en-BINACA,Fragment,1,ms2,358.21252,298.1889,358.21252,0,0,0,0,0,eAbsolute,Positive,M+H,1,,30,Individual
MDMB-4en-BINACA,Fragment,1,ms2,358.21252,213.1008,358.21252,0,0,0,0,0,eAbsolute,Positive,M+H,1,,30,Individual
MDMB-4en-BINACA,Fragment,1,ms2,358.21252,269.1514,358.21252,0,0,0,0,0,eAbsolute,Positive,M+H,1,,30,Individual
MDMB-4en-BINACA,Fragment,1,ms2,358.21252,214.103,358.21252,0,0,0,0,0,eAbsolute,Positive,M+H,1,,30,Individual
MDMB-4en-BINACA,Fragment,1,ms2,358.21252,326.1815,358.21252,0,0,0,0,0,eAbsolute,Positive,M+H,1,,30,Individual
MDMB-5Br-INACA,TargetPeak,,ms1,0,0,368.06043,0,0,0,0,0,eAbsolute,Positive,M+H,1,,30,Individual
MDMB-5Br-INACA,Fragment,1,ms2,368.06043,308.0367,368.06043,0,0,0,0,0,eAbsolute,Positive,M+H,1,,30,Individual
MDMB-5Br-INACA,Fragment,1,ms2,368.06043,239.9739,368.06043,0,0,0,0,0,eAbsolute,Positive,M+H,1,,30,Individual
MDMB-5Br-INACA,Fragment,1,ms2,368.06043,222.9477,368.06043,0,0,0,0,0,eAbsolute,Positive,M+H,1,,30,Individual
MDMB-5Br-INACA,Fragment,1,ms2,368.06043,86.0938,368.06043,0,0,0,0,0,eAbsolute,Positive,M+H,1,,30,Individual
Meclonazepam,TargetPeak,,ms1,0,0,317.06875,0,0,0,0,0,eAbsolute,Positive,M+H,1,,30,Individual
Meclonazepam,Fragment,1,ms2,317.06875,316.0609,317.06875,0,0,0,0,0,eAbsolute,Positive,M+H,1,,30,Individual
Meclonazepam,Fragment,1,ms2,317.06875,302.0691,317.06875,0,0,0,0,0,eAbsolute,Positive,M+H,1,,30,Individual
Meclonazepam,Fragment,1,ms2,317.06875,284.0711,317.06875,0,0,0,0,0,eAbsolute,Positive,M+H,1,,30,Individual
Meclonazepam,Fragment,1,ms2,317.06875,239.0496,317.06875,0,0,0,0,0,eAbsolute,Positive,M+H,1,,30,Individual
MeO-PCE,TargetPeak,,ms1,0,0,234.18524,0,0,0,0,0,eAbsolute,Positive,M+H,1,,30,Individual
MeO-PCE,Fragment,1,ms2,234.18524,189.126,234.18524,0,0,0,0,0,eAbsolute,Positive,M+H,1,,30,Individual
MeO-PCE,Fragment,1,ms2,234.18524,121.0639,234.18524,0,0,0,0,0,eAbsolute,Positive,M+H,1,,30,Individual
MeO-PCE,Fragment,1,ms2,234.18524,81.0692,233.17742,0,0,0,0,0,eAbsolute,Positive,M+H,1,,30,Individual
Methoxpropamine,TargetPeak,,ms1,0,0,262.18016,0,0,0,0,0,eAbsolute,Positive,M+H,1,,30,Individual
Methoxpropamine,Fragment,1,ms2,262.18016,203.1029,262.18016,0,0,0,0,0,eAbsolute,Positive,M+H,1,,30,Individual
Methoxpropamine,Fragment,1,ms2,262.18016,175.1073,262.18016,0,0,0,0,0,eAbsolute,Positive,M+H,1,,30,Individual
Methoxpropamine,Fragment,1,ms2,262.18016,159.0758,262.18016,0,0,0,0,0,eAbsolute,Positive,M+H,1,,30,Individual
Methoxpropamine,Fragment,1,ms2,262.18016,121.0607,262.18016,0,0,0,0,0,eAbsolute,Positive,M+H,1,,30,Individual
Methoxpropamine,Fragment,1,ms2,262.18016,91.05,262.18016,0,0,0,0,0,eAbsolute,Positive,M+H,1,,30,Individual
Methylenedioxy-PV8,TargetPeak,,ms1,0,0,304.19072,0,0,0,0,0,eAbsolute,Positive,M+H,1,,30,Individual
Methylenedioxy-PV8,Fragment,1,ms2,304.19072,288.1927,304.19072,0,0,0,0,0,eAbsolute,Positive,M+H,1,,30,Individual
Methylenedioxy-PV8,Fragment,1,ms2,304.19072,233.1142,303.1829,0,0,0,0,0,eAbsolute,Positive,M+H,1,,30,Individual
Methylenedioxy-PV8,Fragment,1,ms2,304.19072,203.1043,303.1829,0,0,0,0,0,eAbsolute,Positive,M+H,1,,30,Individual
Methylenedioxy-PV8,Fragment,1,ms2,304.19072,154.1569,303.1829,0,0,0,0,0,eAbsolute,Positive,M+H,1,,30,Individual
Methylenedioxy-PV8,Fragment,1,ms2,304.19072,135.0421,303.1829,0,0,0,0,0,eAbsolute,Positive,M+H,1,,30,Individual
Metizolam,TargetPeak,,ms1,0,0,329.06222,0,0,0,0,0,eAbsolute,Positive,M+H,1,,30,Individual
Metizolam,Fragment,1,ms2,329.06222,300.0176,329.06222,0,0,0,0,0,eAbsolute,Positive,M+H,1,,30,Individual
Metizolam,Fragment,1,ms2,329.06222,275.0349,329.06222,0,0,0,0,0,eAbsolute,Positive,M+H,1,,30,Individual
Metizolam,Fragment,1,ms2,329.06222,192.0546,329.06222,0,0,0,0,0,eAbsolute,Positive,M+H,1,,30,Individual
Metizolam,Fragment,1,ms2,329.06222,138.0332,329.06222,0,0,0,0,0,eAbsolute,Positive,M+H,1,,30,Individual
Metonitazene,TargetPeak,,ms1,0,0,383.20777,0,0,0,0,0,eAbsolute,Positive,M+H,1,5.05,30,Individual
Metonitazene,Fragment,1,ms2,383.20777,121.065,383.20777,0,0,0,0,0,eAbsolute,Positive,M+H,1,5.05,30,Individual
Metonitazene,Fragment,1,ms2,383.20777,100.1125,382.19994,0,0,0,0,0,eAbsolute,Positive,M+H,1,5.05,30,Individual
Metonitazene,Fragment,1,ms2,383.20777,72.0815,382.19994,0,0,0,0,0,eAbsolute,Positive,M+H,1,5.05,30,Individual
"N,N-Dimethylpentylone",TargetPeak,,ms1,0,0,250.14377,0,0,0,0,0,eAbsolute,Positive,M+H,1,,30,Individual
"N,N-Dimethylpentylone",Fragment,1,ms2,250.14377,205.085,250.14377,0,0,0,0,0,eAbsolute,Positive,M+H,1,,30,Individual
"N,N-Dimethylpentylone",Fragment,1,ms2,250.14377,175.0744,250.14377,0,0,0,0,0,eAbsolute,Positive,M+H,1,,30,Individual
"N,N-Dimethylpentylone",Fragment,1,ms2,250.14377,149.022,250.14377,0,0,0,0,0,eAbsolute,Positive,M+H,1,,30,Individual
"N,N-Dimethylpentylone",Fragment,1,ms2,250.14377,135.0428,250.14377,0,0,0,0,0,eAbsolute,Positive,M+H,1,,30,Individual
"N,N-Dimethylpentylone",Fragment,1,ms2,250.14377,101.1111,250.14377,0,0,0,0,0,eAbsolute,Positive,M+H,1,,30,Individual
N-Ethyl-U-47700,TargetPeak,,ms1,0,0,343.13385,0,0,0,0,0,eAbsolute,Positive,M+H,1,,30,Individual
N-Ethyl-U-47700,Fragment,1,ms2,343.13385,298.073,343.13385,0,0,0,0,0,eAbsolute,Positive,M+H,1,,30,Individual
N-Ethyl-U-47700,Fragment,1,ms2,343.13385,218.0115,343.13385,0,0,0,0,0,eAbsolute,Positive,M+H,1,,30,Individual
N-Ethyl-U-47700,Fragment,1,ms2,343.13385,172.9533,343.13385,0,0,0,0,0,eAbsolute,Positive,M+H,1,,30,Individual
N-Ethyl-U-47700,Fragment,1,ms2,343.13385,81.069,343.13385,0,0,0,0,0,eAbsolute,Positive,M+H,1,,30,Individual
N-Ethylpentedrone,TargetPeak,,ms1,0,0,206.15394,0,0,0,0,0,eAbsolute,Positive,M+H,1,,30,Individual
N-Ethylpentedrone,Fragment,1,ms2,206.15394,188.1404,206.15394,0,0,0,0,0,eAbsolute,Positive,M+H,1,,30,Individual
N-Ethylpentedrone,Fragment,1,ms2,206.15394,130.063,206.15394,0,0,0,0,0,eAbsolute,Positive,M+H,1,,30,Individual
N-Ethylpentedrone,Fragment,1,ms2,206.15394,118.0625,206.15394,0,0,0,0,0,eAbsolute,Positive,M+H,1,,30,Individual
N-Ethylpentedrone,Fragment,1,ms2,206.15394,105.0311,206.15394,0,0,0,0,0,eAbsolute,Positive,M+H,1,,30,Individual
N-Ethylpentedrone,Fragment,1,ms2,206.15394,91.0523,206.15394,0,0,0,0,0,eAbsolute,Positive,M+H,1,,30,Individual
N-methyl-U-47931E,TargetPeak,,ms1,0,0,339.10665,0,0,0,0,0,eAbsolute,Positive,M+H,1,,30,Individual
N-methyl-U-47931E,Fragment,1,ms2,339.10665,294.0438,339.10665,0,0,0,0,0,eAbsolute,Positive,M+H,1,,30,Individual
N-methyl-U-47931E,Fragment,1,ms2,339.10665,295.0472,339.10665,0,0,0,0,0,eAbsolute,Positive,M+H,1,,30,Individual
N-methyl-U-47931E,Fragment,1,ms2,339.10665,213.9823,339.10665,0,0,0,0,0,eAbsolute,Positive,M+H,1,,30,Individual
N-methyl-U-47931E,Fragment,1,ms2,339.10665,215.9728,339.10665,0,0,0,0,0,eAbsolute,Positive,M+H,1,,30,Individual
N-methyl-U-47931E,Fragment,1,ms2,339.10665,182.9407,339.10665,0,0,0,0,0,eAbsolute,Positive,M+H,1,,30,Individual
N-methyl-U-47931E,Fragment,1,ms2,339.10665,184.9385,339.10665,0,0,0,0,0,eAbsolute,Positive,M+H,1,,30,Individual
N-methyl-U-47931E,Fragment,1,ms2,339.10665,81.0634,339.10665,0,0,0,0,0,eAbsolute,Positive,M+H,1,,30,Individual
N-Methylhexylone,TargetPeak,,ms1,0,0,250.14377,0,0,0,0,0,eAbsolute,Positive,M+H,1,,30,Individual
N-Methylhexylone,Fragment,1,ms2,250.14377,202.1188,250.14377,0,0,0,0,0,eAbsolute,Positive,M+H,1,,30,Individual
N-Methylhexylone,Fragment,1,ms2,250.14377,175.0589,250.14377,0,0,0,0,0,eAbsolute,Positive,M+H,1,,30,Individual
N-Methylhexylone,Fragment,1,ms2,250.14377,160.0721,250.14377,0,0,0,0,0,eAbsolute,Positive,M+H,1,,30,Individual
N-Methylhexylone,Fragment,1,ms2,250.14377,135.0407,250.14377,0,0,0,0,0,eAbsolute,Positive,M+H,1,,30,Individual
N-Methylhexylone,Fragment,1,ms2,250.14377,100.11,250.14377,0,0,0,0,0,eAbsolute,Positive,M+H,1,,30,Individual
n-Piperidinyl etonitazene,TargetPeak,,ms1,0,0,409.22342,0,0,0,0,0,eAbsolute,Positive,M+H,1,,30,Individual
n-Piperidinyl etonitazene,Fragment,1,ms2,409.22342,135.0795,409.22342,0,0,0,0,0,eAbsolute,Positive,M+H,1,,30,Individual
n-Piperidinyl etonitazene,Fragment,1,ms2,409.22342,112.1112,409.22342,0,0,0,0,0,eAbsolute,Positive,M+H,1,,30,Individual
n-Piperidinyl etonitazene,Fragment,1,ms2,409.22342,107.0484,409.22342,0,0,0,0,0,eAbsolute,Positive,M+H,1,,30,Individual
n-Piperidinyl etonitazene,Fragment,1,ms2,409.22342,69.0692,409.22342,0,0,0,0,0,eAbsolute,Positive,M+H,1,,30,Individual
N-Pyrrolidino Etonitazene,TargetPeak,,ms1,0,0,395.20777,0,0,0,0,0,eAbsolute,Positive,M+H,1,5.29,30,Individual
N-Pyrrolidino Etonitazene,Fragment,1,ms2,395.20777,98.0958,395.20777,0,0,0,0,0,eAbsolute,Positive,M+H,1,5.29,30,Individual
Napthyl-U-47700,TargetPeak,,ms1,0,0,311.21179,0,0,0,0,0,eAbsolute,Positive,M+H,1,,30,Individual
Napthyl-U-47700,Fragment,1,ms2,311.21179,266.1532,311.21179,0,0,0,0,0,eAbsolute,Positive,M+H,1,,30,Individual
Napthyl-U-47700,Fragment,1,ms2,311.21179,186.0912,311.21179,0,0,0,0,0,eAbsolute,Positive,M+H,1,,30,Individual
Napthyl-U-47700,Fragment,1,ms2,311.21179,155.0483,311.21179,0,0,0,0,0,eAbsolute,Positive,M+H,1,,30,Individual
Napthyl-U-47700,Fragment,1,ms2,311.21179,129.0695,311.21179,0,0,0,0,0,eAbsolute,Positive,M+H,1,,30,Individual
Napthyl-U-47700,Fragment,1,ms2,311.21179,91.0539,311.21179,0,0,0,0,0,eAbsolute,Positive,M+H,1,,30,Individual
Nitrazolam,TargetPeak,,ms1,0,0,320.1142,0,0,0,0,0,eAbsolute,Positive,M+H,1,,30,Individual
Norfluorodiazepam,TargetPeak,,ms1,0,0,289.05385,0,0,0,0,0,eAbsolute,Positive,M+H,1,6.2,30,Individual
Norfluorodiazepam,Fragment,1,ms2,289.05385,261.05893,289.05385,0,0,0,0,0,eAbsolute,Positive,M+H,1,6.2,30,Individual
Norfluorodiazepam,Fragment,1,ms2,289.05385,226.09008,289.05385,0,0,0,0,0,eAbsolute,Positive,M+H,1,6.2,30,Individual
Norfluorodiazepam,Fragment,1,ms2,289.05385,140.02615,289.05385,0,0,0,0,0,eAbsolute,Positive,M+H,1,6.2,30,Individual
para-Methyl AP-237,TargetPeak,,ms1,0,0,287.21179,0,0,0,0,0,eAbsolute,Positive,M+H,1,,30,Individual
para-Methyl AP-237,Fragment,1,ms2,287.21179,131.0833,287.21179,0,0,0,0,0,eAbsolute,Positive,M+H,1,,30,Individual
para-Methyl AP-237,Fragment,1,ms2,287.21179,116.0596,287.21179,0,0,0,0,0,eAbsolute,Positive,M+H,1,,30,Individual
para-Methyl AP-237,Fragment,1,ms2,287.21179,91.0523,287.21179,0,0,0,0,0,eAbsolute,Positive,M+H,1,,30,Individual
Phenazepam,TargetPeak,,ms1,0,0,348.97378,0,0,0,0,0,eAbsolute,Positive,M+H,1,,30,Individual
Phenazepam,Fragment,1,ms2,348.97378,320.9789,348.97378,0,0,0,0,0,eAbsolute,Positive,M+H,1,,30,Individual
Phenazepam,Fragment,1,ms2,348.97378,285.00219,348.97378,0,0,0,0,0,eAbsolute,Positive,M+H,1,,30,Individual
Phenazepam,Fragment,1,ms2,348.97378,242.0605,348.97378,0,0,0,0,0,eAbsolute,Positive,M+H,1,,30,Individual
Phenazepam,Fragment,1,ms2,348.97378,208.9709,348.97378,0,0,0,0,0,eAbsolute,Positive,M+H,1,,30,Individual
Phenazepam,Fragment,1,ms2,348.97378,183.97564,348.97378,0,0,0,0,0,eAbsolute,Positive,M+H,1,,30,Individual
Pyrazolam,TargetPeak,,ms1,0,0,354.03488,0,0,0,0,0,eAbsolute,Positive,M+H,1,,30,Individual
Tenocyclidine,TargetPeak,,ms1,0,0,250.1624,0,0,0,0,0,eAbsolute,Positive,M+H,1,,30,Individual
Tenocyclidine,Fragment,1,ms2,250.1624,165.0728,250.1624,0,0,0,0,0,eAbsolute,Positive,M+H,1,,30,Individual
Tenocyclidine,Fragment,1,ms2,250.1624,97.0101,250.1624,0,0,0,0,0,eAbsolute,Positive,M+H,1,,30,Individual
Tenocyclidine,Fragment,1,ms2,250.1624,86.096,250.1624,0,0,0,0,0,eAbsolute,Positive,M+H,1,,30,Individual
U-47931E,TargetPeak,,ms1,0,0,325.091,0,0,0,0,0,eAbsolute,Positive,M+H,1,,30,Individual
U-47931E,Fragment,1,ms2,325.091,280.0316,325.091,0,0,0,0,0,eAbsolute,Positive,M+H,1,,30,Individual
U-47931E,Fragment,1,ms2,325.091,282.0293,325.091,0,0,0,0,0,eAbsolute,Positive,M+H,1,,30,Individual
U-47931E,Fragment,1,ms2,325.091,199.9686,325.091,0,0,0,0,0,eAbsolute,Positive,M+H,1,,30,Individual
U-47931E,Fragment,1,ms2,325.091,201.9663,325.091,0,0,0,0,0,eAbsolute,Positive,M+H,1,,30,Individual
U-47931E,Fragment,1,ms2,325.091,182.9425,325.091,0,0,0,0,0,eAbsolute,Positive,M+H,1,,30,Individual
U-47931E,Fragment,1,ms2,325.091,184.9401,325.091,0,0,0,0,0,eAbsolute,Positive,M+H,1,,30,Individual
U-47931E,Fragment,1,ms2,325.091,126.1268,325.091,0,0,0,0,0,eAbsolute,Positive,M+H,1,,30,Individual
U-47931E,Fragment,1,ms2,325.091,81.0689,325.091,0,0,0,0,0,eAbsolute,Positive,M+H,1,,30,Individual
Zapizolam,TargetPeak,,ms1,0,0,330.03078,0,0,0,0,0,eAbsolute,Positive,M+H,1,,30,Individual
,,,,,,,,,,,,,,,,,,
Compound Name,Compound Formula,Compound Type,Ionization Field,,,,,,,,,,,,,,,
2-Fluorodeschloroketamine,C13H16FNO,eTargetCompound,None,,,,,,,,,,,,,,,
2-Methyl AP-237,C18H26N2O,eTargetCompound,None,,,,,,,,,,,,,,,
"3,4-Difluoro-U-47700",C16H22F2N2O,eTargetCompound,ESI,,,,,,,,,,,,,,,
3-Hydroxyphenazepam,C15H10BrClN2O2,eTargetCompound,None,,,,,,,,,,,,,,,
4-Trifluoromethyl-U-47700,C17H23F3N2O,eTargetCompound,None,,,,,,,,,,,,,,,
4F-ABINACA,C22H28FN3O,eTargetCompound,None,,,,,,,,,,,,,,,
4F-Ethylphenidate,C15H20FNO2,eTargetCompound,ESI,,,,,,,,,,,,,,,
4F-MDMB-BICA,C20H27FN2O3,eTargetCompound,ESI,,,,,,,,,,,,,,,
5-Methoxy MiPT,C15H22N2O,eTargetCompound,None,,,,,,,,,,,,,,,
5F-CUMYL-PINACA,C22H26FN3O,eTargetCompound,ESI,,,,,,,,,,,,,,,
5F-EDMB-PICA,C22H31FN2O3,eTargetCompound,ESI,,,,,,,,,,,,,,,
5F-EMB-PICA,C21H29FN2O3,eTargetCompound,ESI,,,,,,,,,,,,,,,
5F-MDMB PICA,C21H29FN2O3,eTargetCompound,None,,,,,,,,,,,,,,,
8-Aminoclonazolam,C17H14ClN5,eTargetCompound,None,,,,,,,,,,,,,,,
AB-FUBINACA,C20H21FN4O2,eTargetCompound,None,,,,,,,,,,,,,,,
ADB-4en-PINACA,C19H26N4O2,eTargetCompound,None,,,,,,,,,,,,,,,
ADB-BINACA,C18H26N4O2,eTargetCompound,ESI,,,,,,,,,,,,,,,
ADB-FUBIATA,C23H26FN3O2,eTargetCompound,None,,,,,,,,,,,,,,,
ADB-HEXINACA,C20H30N4O2,eTargetCompound,None,,,,,,,,,,,,,,,
ADB-PHENITACA,C22H26N4O2,eTargetCompound,None,,,,,,,,,,,,,,,
Adinazolam,C19H18ClN5,eTargetCompound,ESI,,,,,,,,,,,,,,,
Alpha-PCYP,C18H25NO,eTargetCompound,ESI,,,,,,,,,,,,,,,
Alpha-PiHP,C16H23NO,eTargetCompound,None,,,,,,,,,,,,,,,
AP-237,C17H24N2O,eTargetCompound,ESI,,,,,,,,,,,,,,,
AP-238,C18H26N2O,eTargetCompound,ESI,,,,,,,,,,,,,,,
Benocyclidine,C19H25NS,eTargetCompound,None,,,,,,,,,,,,,,,
Bentazepam,C17H16N2OS,eTargetCompound,None,,,,,,,,,,,,,,,
Bromazolam,C17H13BrN4,eTargetCompound,ESI,,,,,,,,,,,,,,,
Bromofentanyl,C22H27BrN2O,eTargetCompound,ESI,,,,,,,,,,,,,,,
Brorphine,C20H22BrN3O,eTargetCompound,ESI,,,,,,,,,,,,,,,
Brotizolam,C15H10BrClN4S,eTargetCompound,None,,,,,,,,,,,,,,,
Butonitazene,C24H32N4O3,eTargetCompound,None,,,,,,,,,,,,,,,
BZO-HEXOXIZID,C21H23N3O2,eTargetCompound,None,,,,,,,,,,,,,,,
Chlorofentanyl,C22H27ClN2O,eTargetCompound,ESI,,,,,,,,,,,,,,,
Ciclotizolam,C20H18BrClN4S,eTargetCompound,None,,,,,,,,,,,,,,,
Cl-PCP,C17H24ClN,eTargetCompound,None,,,,,,,,,,,,,,,
Clonazolam,C17H12ClN5O2,eTargetCompound,None,,,,,,,,,,,,,,,
Clotiazepam,C16H15ClN2OS,eTargetCompound,None,,,,,,,,,,,,,,,
Delorazepam,C15H10Cl2N2O,eTargetCompound,None,,,,,,,,,,,,,,,
Desalkylgidazepam,C15H11BrN2O,eTargetCompound,None,,,,,,,,,,,,,,,
Deschloroetizolam,C17H16N4S,eTargetCompound,None,,,,,,,,,,,,,,,
Diclazepam,C16H12Cl2N2O,eTargetCompound,None,,,,,,,,,,,,,,,
Dipyanone,C23H29NO,eTargetCompound,None,,,,,,,,,,,,,,,
EDMB-PINACA,C21H31N3O3,eTargetCompound,None,,,,,,,,,,,,,,,
Estazolam,C16H11ClN4,eTargetCompound,None,,,,,,,,,,,,,,,
Etaqualone,C17H16N2O,eTargetCompound,ESI,,,,,,,,,,,,,,,
Etodesnitazene,C22H29N3O,eTargetCompound,None,,,,,,,,,,,,,,,
Etonitazene,C22H28N4O3,eTargetCompound,None,,,,,,,,,,,,,,,
Eutylone,C13H17NO3,eTargetCompound,None,,,,,,,,,,,,,,,
F-PCP,C17H24FN,eTargetCompound,None,,,,,,,,,,,,,,,
Flubromazepam,C15H10BrFN2O,eTargetCompound,None,,,,,,,,,,,,,,,
Flubromazolam,C17H12N4FBr,eTargetCompound,None,,,,,,,,,,,,,,,
Fluclotizolam,C15H10ClFN4S,eTargetCompound,None,,,,,,,,,,,,,,,
Flunitazene,C20H23FN4O2,eTargetCompound,None,,,,,,,,,,,,,,,
Fluorofentanyl,C22H27FN2O,eTargetCompound,ESI,,,,,,,,,,,,,,,
FUB-144,C23H24FNO,eTargetCompound,None,,,,,,,,,,,,,,,
Furanyl UF-17,C19H24N2O2,eTargetCompound,None,,,,,,,,,,,,,,,
Gidazepam,C17H15BrN4O2,eTargetCompound,None,,,,,,,,,,,,,,,
Loprazolam,C23H21ClN6O3,eTargetCompound,None,,,,,,,,,,,,,,,
Lormetazepam,C16H12Cl2N2O2,eTargetCompound,None,,,,,,,,,,,,,,,
MDMB-4en-BINACA,C20H27N3O3,eTargetCompound,None,,,,,,,,,,,,,,,
MDMB-5Br-INACA,C15H18BrN3O3,eTargetCompound,None,,,,,,,,,,,,,,,
Meclonazepam,C16H13ClN2O3,eTargetCompound,None,,,,,,,,,,,,,,,
MeO-PCE,C15H23NO,eTargetCompound,ESI,,,,,,,,,,,,,,,
Methoxpropamine,C16H23NO2,eTargetCompound,ESI,,,,,,,,,,,,,,,
Methylenedioxy-PV8,C18H25NO3,eTargetCompound,None,,,,,,,,,,,,,,,
Metizolam,C16H13ClN4S,eTargetCompound,ESI,,,,,,,,,,,,,,,
Metonitazene,C21H26N4O3,eTargetCompound,ESI,,,,,,,,,,,,,,,
"N,N-Dimethylpentylone",C14H19NO3,eTargetCompound,None,,,,,,,,,,,,,,,
N-Ethyl-U-47700,C17H24Cl2N2O,eTargetCompound,ESI,,,,,,,,,,,,,,,
N-Ethylpentedrone,C13H19NO,eTargetCompound,ESI,,,,,,,,,,,,,,,
N-methyl-U-47931E,C16H23BrN2O,eTargetCompound,None,,,,,,,,,,,,,,,
N-Methylhexylone,C14H19NO3,eTargetCompound,ESI,,,,,,,,,,,,,,,
n-Piperidinyl etonitazene,C23H28N4O3,eTargetCompound,None,,,,,,,,,,,,,,,
N-Pyrrolidino Etonitazene,C22H26N4O3,eTargetCompound,None,,,,,,,,,,,,,,,
Napthyl-U-47700,C20H26N2O,eTargetCompound,None,,,,,,,,,,,,,,,
Nitrazolam,C17H13N5O2,eTargetCompound,None,,,,,,,,,,,,,,,
Norfluorodiazepam,C15H10N2OClF,eTargetCompound,None,,,,,,,,,,,,,,,
para-Methyl AP-237,C18H26N2O,eTargetCompound,ESI,,,,,,,,,,,,,,,
Phenazepam,C15H10N2OClBr,eTargetCompound,None,,,,,,,,,,,,,,,
Pyrazolam,C16H12BrN5,eTargetCompound,None,,,,,,,,,,,,,,,
Tenocyclidine,C15H23NS,eTargetCompound,None,,,,,,,,,,,,,,,
U-47931E,C15H21BrN2O,eTargetCompound,None,,,,,,,,,,,,,,,
Zapizolam,C15H9Cl2N5,eTargetCompound,None,,,,,,,,,,,,,,,
